Metric,Value
Z_opt,-19.230292866667398
HAZ_opt,0.963692411050614
Taper_opt,-0.029355466144031728
