Metric,Value
Z_opt,-19.20311308879893
HAZ_opt,0.9601556354688728
Taper_opt,1.808322727947509e-07
